ID,SOURCE,REVIEWED,PUBLISH_DATE,CWE_IDS,ALIASES,SUMMARY,SEVERITY,ECOSYSTEM,PACKAGE_NAME,VERSION_RANGE,REFERENCES
 "GHSA-ww33-jppq-qfrp","Github","True","2025-01-02T22:43:40Z","CWE-79, CWE-80","CVE-2024-56199","phpMyFAQ Vulnerable to Stored HTML Injection at FAQ","MODERATE","Packagist","phpmyfaq/phpmyfaq","[3.2.10,4.0.1][3.2.10,4.0.1]","https://github.com/thorsten/phpMyFAQ/security/advisories/GHSA-ww33-jppq-qfrp, https://nvd.nist.gov/vuln/detail/CVE-2024-56199, https://github.com/thorsten/phpMyFAQ"
"GHSA-ww7h-g2qf-7xv6","Github","True","2025-01-14T15:40:37Z","CWE-352, CWE-749","CVE-2024-55922","TYPO3 Form Framework Module vulnerable to Cross-Site Request Forgery","MODERATE","Packagist","typo3/cms-form","[10.0.0,10.4.48)[11.0.0,11.5.42)[12.0.0,12.4.25)[13.0.0,13.4.3)","https://github.com/TYPO3/typo3/security/advisories/GHSA-ww7h-g2qf-7xv6, https://nvd.nist.gov/vuln/detail/CVE-2024-55922, https://github.com/TYPO3-CMS/form/commit/93327743f5dfd31c44898ce16e3e004e05f8ba5f, https://github.com/TYPO3-CMS/form, https://typo3.org/security/advisory/typo3-core-sa-2025-007"
"GHSA-x7m9-mv49-fv73","Github","True","2025-01-09T21:31:32Z","CWE-276, CWE-863","CVE-2024-55225","Vaultwarden vulnerable to user impersonation","HIGH","crates.io","vaultwarden","[0,1.32.5)","https://nvd.nist.gov/vuln/detail/CVE-2024-55225, https://github.com/dani-garcia/vaultwarden/commit/20d9e885bfcd7df7828d92c6e59ed5fe7b40a879, https://github.com/dani-garcia/vaultwarden/commit/37c14c3c69b244ec50f5c62b4c9260171607c1d8, https://github.com/dani-garcia/vaultwarden, https://github.com/dani-garcia/vaultwarden/releases/tag/1.32.4, https://github.com/dani-garcia/vaultwarden/releases/tag/1.32.5, https://insinuator.net/2024/11/vulnerability-disclosure-authentication-bypass-in-vaultwarden-versions-1-32-5"
"GHSA-x88g-h956-m5xg","Github","True","2025-01-03T16:05:26Z","CWE-79","CVE-2024-56408","PhpSpreadsheet allows unauthorized Reflected XSS in `Convert-Online.php` file","HIGH","Packagist","phpoffice/phpspreadsheet","[3.0.0,3.7.0)[0,1.29.7)[2.0.0,2.1.6)[2.2.0,2.3.5)","https://github.com/PHPOffice/PhpSpreadsheet/security/advisories/GHSA-x88g-h956-m5xg, https://nvd.nist.gov/vuln/detail/CVE-2024-56408, https://github.com/PHPOffice/PhpSpreadsheet/commit/700a80346be269af668914172bc6f4521982d0b4, https://github.com/PHPOffice/PhpSpreadsheet"
"GHSA-v725-9546-7q7m","Github","True","2025-01-06T16:16:30Z","CWE-88","CVE-2025-21613","go-git has an Argument Injection via the URL field","CRITICAL","Go","gopkg.in/src-d/go-git.v4","[4.0.0,4.13.1][0,5.13.0)","https://github.com/go-git/go-git/security/advisories/GHSA-v725-9546-7q7m, https://nvd.nist.gov/vuln/detail/CVE-2025-21613, https://github.com/go-git/go-git"
"GHSA-vc2m-hw89-qjxf","Github","True","2025-01-16T19:05:12Z","CWE-770","CVE-2024-36403","matrix-media-repo (MMR) allows denial of service/high operating costs through unauthenticated downloads","MODERATE","Go","github.com/t2bot/matrix-media-repo","[0,1.3.5)","https://github.com/t2bot/matrix-media-repo/security/advisories/GHSA-vc2m-hw89-qjxf, https://nvd.nist.gov/vuln/detail/CVE-2024-36403, https://en.wikipedia.org/wiki/Leaky_bucket#As_a_meter, https://github.com/t2bot/matrix-media-repo, https://pkg.go.dev/vuln/GO-2025-3401"
"GHSA-vg7j-7cwx-8wgw","Github","True","2025-01-15T06:30:49Z","CWE-94","CVE-2025-23061","Mongoose search injection vulnerability","CRITICAL","npm","mongoose","[8.0.0-rc0,8.9.5)[7.0.0-rc0,7.8.4)[0,6.13.6)","https://nvd.nist.gov/vuln/detail/CVE-2025-23061, https://github.com/Automattic/mongoose/commit/64a9f9706f2428c49e0cfb8e223065acc645f7bc, https://github.com/Automattic/mongoose, https://github.com/Automattic/mongoose/blob/master/CHANGELOG.md, https://github.com/Automattic/mongoose/compare/6.13.5...6.13.6, https://github.com/Automattic/mongoose/compare/7.8.3...7.8.4, https://github.com/Automattic/mongoose/compare/8.9.4...8.9.5, https://github.com/Automattic/mongoose/releases/tag/6.13.6, https://github.com/Automattic/mongoose/releases/tag/7.8.4, https://github.com/Automattic/mongoose/releases/tag/8.9.5, https://github.com/advisories/GHSA-m7xq-9374-9rvx, https://www.npmjs.com/package/mongoose?activeTab=versions"
"GHSA-vgf2-gvx8-xwc3","Github","True","2025-01-14T16:34:20Z","CWE-670, CWE-703","CVE-2025-21607","Vyper Does Not Check the Success of Certain Precompile Calls","LOW","PyPI","vyper","[0,0.4.0]","https://github.com/vyperlang/vyper/security/advisories/GHSA-vgf2-gvx8-xwc3, https://nvd.nist.gov/vuln/detail/CVE-2025-21607, https://github.com/vyperlang/vyper"
"GHSA-vh22-6c6h-rm8q","Github","True","2025-01-13T16:57:59Z","CWE-150, CWE-79","CVE-2025-23026","jte's HTML templates containing Javascript template strings are subject to XSS","MODERATE","Maven","gg.jte:jte","[0,3.1.16)[0,3.1.16)","https://github.com/casid/jte/security/advisories/GHSA-vh22-6c6h-rm8q, https://nvd.nist.gov/vuln/detail/CVE-2025-23026, https://github.com/casid/jte/commit/a6fb00d53c7b8dbb86de933215dbe1b9191a57f1, https://developer.mozilla.org/en-US/docs/Web/JavaScript/Reference/Template_literals#description, https://github.com/casid/jte, https://github.com/casid/jte/blob/main/jte-runtime/src/main/java/gg/jte/html/escape/Escape.java#L43-L83"
"GHSA-vprm-27pv-jp3w","Github","True","2025-01-09T21:31:32Z","CWE-79","CVE-2024-55226","Vaultwarden authenticated reflected cross-site scripting (XSS) vulnerability","LOW","crates.io","vaultwarden","[0,1.32.5)","https://nvd.nist.gov/vuln/detail/CVE-2024-55226, https://github.com/dani-garcia/vaultwarden, https://github.com/dani-garcia/vaultwarden/releases/tag/1.32.4, https://github.com/dani-garcia/vaultwarden/releases/tag/1.32.5, https://insinuator.net/2024/11/vulnerability-disclosure-authentication-bypass-in-vaultwarden-versions-1-32-5"
"GHSA-w3g8-r9gw-qrh8","Github","True","2025-01-13T16:58:23Z","CWE-693","CVE-2024-11734","Denial of Service in Keycloak Server via Security Headers","MODERATE","Maven","org.keycloak:keycloak-quarkus-server","[0,26.0.8)","https://github.com/keycloak/keycloak/security/advisories/GHSA-w3g8-r9gw-qrh8, https://nvd.nist.gov/vuln/detail/CVE-2024-11734, https://github.com/keycloak/keycloak/commit/93b2a7327b2557eb132a8169086c5e63c81dff79, https://access.redhat.com/errata/RHSA-2025:0299, https://access.redhat.com/errata/RHSA-2025:0300, https://access.redhat.com/security/cve/CVE-2024-11734, https://bugzilla.redhat.com/show_bug.cgi?id=2328846, https://github.com/keycloak/keycloak"
"GHSA-w5g5-4jj3-8f6v","Github","True","2025-01-10T21:31:27Z","CWE-79","CVE-2024-33298","Microweber Cross-site Scripting vulnerability","MODERATE","Packagist","microweber/microweber","[0,2.0.9]","https://nvd.nist.gov/vuln/detail/CVE-2024-33298, https://github.com/MathSabo/CVE-2024-33298, https://github.com/microweber/microweber"
"GHSA-w6xh-c82w-h997","Github","True","2025-01-16T21:30:58Z","CWE-1287","CVE-2025-20621","Mattermost webapp crash via a crafted post","MODERATE","Go","github.com/mattermost/mattermost/server/v8","[10.2.0,10.2.1)[10.1.0,10.1.4)[10.0.0,10.0.4)[9.11.0,9.11.6)[0,8.0.0-20241127161322-25ff7a3779a5)","https://nvd.nist.gov/vuln/detail/CVE-2025-20621, https://github.com/mattermost/mattermost, https://mattermost.com/security-updates"
"GHSA-w8xv-rwgf-4fwh","Github","True","2025-01-14T16:32:07Z","CWE-228","CVE-2025-0343","CVE-2025-0343: Swift ASN.1 can crash when parsing maliciously formed BER/DER","LOW","SwiftURL","github.com/apple/swift-asn1","[0,1.3.1)","https://github.com/apple/swift-asn1/security/advisories/GHSA-w8xv-rwgf-4fwh, https://nvd.nist.gov/vuln/detail/CVE-2025-0343, https://github.com/apple/swift-asn1/commit/ae33e5941bb88d88538d0a6b19ca0b01e6c76dcf, https://github.com/apple/swift-asn1"
"GHSA-wv23-996v-q229","Github","True","2025-01-03T17:25:45Z","CWE-79","CVE-2024-56410","PhpSpreadsheet has a Cross-Site Scripting (XSS) vulnerability in custom properties","MODERATE","Packagist","phpoffice/phpspreadsheet","[3.0.0,3.7.0)[0,1.29.7)[2.0.0,2.1.6)[2.2.0,2.3.5)","https://github.com/PHPOffice/PhpSpreadsheet/security/advisories/GHSA-wv23-996v-q229, https://nvd.nist.gov/vuln/detail/CVE-2024-56410, https://github.com/PHPOffice/PhpSpreadsheet/commit/45052f88e04c735d56457a8ffcdc40b2635a028e, https://github.com/PHPOffice/PhpSpreadsheet"
"GHSA-qcgg-j2x8-h9g8","Github","True","2025-01-14T21:31:47Z","CWE-770","CVE-2024-56374","Django has a potential denial-of-service vulnerability in IPv6 validation","MODERATE","PyPI","Django","[5.1,5.1.5)[5.0,5.0.11)[4.2,4.2.18)[5.1,5.1.5)[5.0,5.0.11)[4.2,4.2.18)","https://nvd.nist.gov/vuln/detail/CVE-2024-56374, https://github.com/django/django/commit/ca2be7724e1244a4cb723de40a070f873c6e94bf, https://docs.djangoproject.com/en/dev/releases/security, https://github.com/django/django, https://github.com/pypa/advisory-database/tree/main/vulns/django/PYSEC-2025-1.yaml, https://groups.google.com/g/django-announce, https://www.djangoproject.com/weblog/2025/jan/14/security-releases, http://www.openwall.com/lists/oss-security/2025/01/14/2"
"GHSA-qjh3-4j3h-vmwp","Github","True","2025-01-13T16:13:59Z","CWE-703","CVE-2024-51491","notation-go has an OS error when setting CRL cache leads to denial of signature verification","LOW","Go","github.com/notaryproject/notation-go","[1.3.0-rc.1,1.3.0-rc.2)[1.3.0-rc.1]","https://github.com/notaryproject/notation-go/security/advisories/GHSA-qjh3-4j3h-vmwp, https://nvd.nist.gov/vuln/detail/CVE-2024-51491, https://github.com/notaryproject/notation-go/commit/3c3302258ad510fbca2f8a73731569d91f07d196, https://github.com/notaryproject/notation-go, https://man7.org/linux/man-pages/man2/rename.2.html, https://pkg.go.dev/vuln/GO-2025-3382"
"GHSA-qq9f-q439-2574","Github","True","2025-01-02T21:31:42Z","CWE-833","CVE-2024-8447","Narayana deadlock via multiple join requests sent to LRA Coordinator","MODERATE","Maven","org.jboss.narayana.rts:lra-coordinator-jar","[0,7.1.0.Final)","https://nvd.nist.gov/vuln/detail/CVE-2024-8447, https://github.com/jbosstm/narayana/pull/2293, https://github.com/jbosstm/narayana/commit/eb778412de230afc4687a2df43641280494156c5, https://access.redhat.com/security/cve/CVE-2024-8447, https://bugzilla.redhat.com/show_bug.cgi?id=2335206, https://github.com/jbosstm/narayana"
"GHSA-qwx7-39pw-2mhr","Github","True","2025-01-14T15:25:45Z","CWE-352, CWE-749","CVE-2024-55920","TYPO3 Cross-Site Request Forgery in Dashboard Module","MODERATE","Packagist","typo3/cms-dashboard","[10.0.0,10.4.48)[11.0.0,11.5.42)[12.0.0,12.4.25)[13.0.0,13.4.3)","https://github.com/TYPO3/typo3/security/advisories/GHSA-qwx7-39pw-2mhr, https://nvd.nist.gov/vuln/detail/CVE-2024-55920, https://github.com/TYPO3-CMS/dashboard/commit/c2e5dbdda87387ad9ee2ff8ca986d41dd9424875, https://github.com/TYPO3-CMS/dashboard, https://typo3.org/security/advisory/typo3-core-sa-2025-005"
"GHSA-r5vf-wf4h-82gg","Github","True","2025-01-07T15:25:52Z","CWE-223, CWE-347","CVE-2024-52813","matrix-sdk-crypto missing facility to signal rotation of a verified cryptographic identity","MODERATE","crates.io","matrix-sdk-crypto","[0,0.8.0)","https://github.com/matrix-org/matrix-rust-sdk/security/advisories/GHSA-r5vf-wf4h-82gg, https://nvd.nist.gov/vuln/detail/CVE-2024-52813, https://github.com/matrix-org/matrix-rust-sdk/pull/3795, https://github.com/matrix-org/matrix-rust-sdk"
"GHSA-r6jg-jfv6-2fjv","Github","True","2025-01-16T19:35:02Z","CWE-918","CVE-2024-52602","Matrix Media Repo (MMR) allows Server-Side Request Forgery (SSRF) on redirects and federation","MODERATE","Go","github.com/t2bot/matrix-media-repo","[0,1.3.8)","https://github.com/t2bot/matrix-media-repo/security/advisories/GHSA-r6jg-jfv6-2fjv, https://nvd.nist.gov/vuln/detail/CVE-2024-52602, https://github.com/t2bot/matrix-media-repo, https://github.com/t2bot/matrix-media-repo/releases/tag/v1.3.8, https://learn.snyk.io/lesson/ssrf-server-side-request-forgery, https://owasp.org/www-community/attacks/Server_Side_Request_Forgery, https://pkg.go.dev/vuln/GO-2025-3399, https://www.agwa.name/blog/post/preventing_server_side_request_forgery_in_golang"
"GHSA-r9px-m959-cxf4","Github","True","2025-01-06T16:20:28Z","CWE-20, CWE-400, CWE-770","CVE-2025-21614","go-git clients vulnerable to DoS via maliciously crafted Git server replies","HIGH","Go","gopkg.in/src-d/go-git.v4","[4.0.0,4.13.1][0,5.13.0)[4.0.0,4.13.1]","https://github.com/go-git/go-git/security/advisories/GHSA-r9px-m959-cxf4, https://nvd.nist.gov/vuln/detail/CVE-2025-21614, https://github.com/go-git/go-git"
"GHSA-rcxc-wjgw-579r","Github","True","2025-01-16T19:35:09Z","CWE-434, CWE-502","CVE-2024-56515","Matrix Media Repo (MMR) allows untrusted file formats can be thumbnailed, invoking potentially further untrusted decoders","MODERATE","Go","github.com/t2bot/matrix-media-repo","[0,1.3.8)","https://github.com/t2bot/matrix-media-repo/security/advisories/GHSA-rcxc-wjgw-579r, https://nvd.nist.gov/vuln/detail/CVE-2024-56515, https://github.com/t2bot/matrix-media-repo, https://github.com/t2bot/matrix-media-repo/releases/tag/v1.3.8, https://pkg.go.dev/vuln/GO-2025-3400"
"GHSA-rmm7-r7wr-xpfg","Github","True","2025-01-14T16:00:36Z","CWE-862","CVE-2025-23025","XWiki Realtime WYSIWYG Editor extension allows privilege escalation (PR) through realtime WYSIWYG editing","CRITICAL","Maven","org.xwiki.platform:xwiki-platform-realtime-wysiwyg-ui","[13.9-rc-1,15.10.12)[16.0.0-rc-1,16.4.1)[16.5.0-rc-1,16.6.0-rc-1)","https://github.com/xwiki/xwiki-platform/security/advisories/GHSA-rmm7-r7wr-xpfg, https://nvd.nist.gov/vuln/detail/CVE-2025-23025, https://extensions.xwiki.org/xwiki/bin/view/Extension/CKEditor+Integration#HAdministrationSection, https://extensions.xwiki.org/xwiki/bin/view/Extension/Realtime%20WYSIWYG%20Editor, https://github.com/xwiki/xwiki-platform, https://jira.xwiki.org/browse/XWIKI-21949"
"GHSA-v4mq-x674-ff73","Github","True","2025-01-17T21:22:25Z","CWE-347","CVE-2025-23206","AWS Cloud Development Kit (AWS CDK) IAM OIDC custom resource allows connection to unauthorized OIDC provider","LOW","npm","aws-cdk-lib","[0,2.176.0]","https://github.com/aws/aws-cdk/security/advisories/GHSA-v4mq-x674-ff73, https://nvd.nist.gov/vuln/detail/CVE-2025-23206, https://github.com/aws/aws-cdk/issues/32920, https://github.com/aws/aws-cdk/commit/3e4f3773bfa48b75bf0adc7d53d46bbec7714a9e#diff-38a03353f201fd2e520df67fb43f9f000257bffd6e9acaa5569cce7005a77560, https://docs.aws.amazon.com/cdk/v2/guide/featureflags.html, https://github.com/aws/aws-cdk, https://github.com/aws/aws-cdk/blob/d16482fc8a4a3e1f62751f481b770c09034df7d2/packages/%40aws-cdk/custom-resource-handlers/lib/aws-iam/oidc-handler/external.ts#L34"
"GHSA-v6jv-p6r8-j78w","Github","True","2025-01-06T16:31:16Z","CWE-287","CVE-2025-21618","NiceGUI On Air authentication issue","HIGH","PyPI","nicegui","[0,2.9.1)","https://github.com/zauberzeug/nicegui/security/advisories/GHSA-v6jv-p6r8-j78w, https://nvd.nist.gov/vuln/detail/CVE-2025-21618, https://github.com/zauberzeug/nicegui/commit/1621a4ba6a06676b8094362d36623551e651adc1, https://github.com/zauberzeug/nicegui"
"GHSA-jmpx-686v-c3wx","Github","True","2025-01-03T17:06:05Z","CWE-79","CVE-2024-56365","PhpSpreadsheet allows unauthorized Reflected XSS in the constructor of the Downloader class","HIGH","Packagist","phpoffice/phpspreadsheet","[3.0.0,3.7.0)[0,1.29.7)[2.0.0,2.1.6)[2.2.0,2.3.5)","https://github.com/PHPOffice/PhpSpreadsheet/security/advisories/GHSA-jmpx-686v-c3wx, https://nvd.nist.gov/vuln/detail/CVE-2024-56365, https://github.com/PHPOffice/PhpSpreadsheet/commit/700a80346be269af668914172bc6f4521982d0b4#diff-fbb0f53a5c68eeeffaa9ab35552c0b01740396f1a4045af5d2935ec2a62a7816, https://github.com/PHPOffice/PhpSpreadsheet"
"GHSA-m78c-qx99-mvw9","Github","True","2025-01-06T21:30:51Z","CWE-79","CVE-2024-35498","Grav Cross-site Scripting vulnerability","LOW","Packagist","getgrav/grav","[0,1.7.45]","https://nvd.nist.gov/vuln/detail/CVE-2024-35498, https://github.com/getgrav/grav, https://github.com/r4vanan/Stored-xss-Grav-v1.7.45, https://r4vanan.medium.com/a-quick-dive-into-xss-vulnerability-in-grav-cms-v1-7-45-cve-2024-35498-fc236b7d74a0"
"GHSA-m9c9-mc2h-9wjw","Github","True","2025-01-14T22:04:02Z","CWE-354","","Lodestar snappy checksum issue","LOW","npm","@lodestar/reqresp","[0,1.25.0)","https://github.com/ChainSafe/lodestar/security/advisories/GHSA-m9c9-mc2h-9wjw, https://github.com/ChainSafe/lodestar/commit/18a0d681dbcc51fb2ac9456f31e91f4e31a18300, https://github.com/ChainSafe/lodestar"
"GHSA-mg7w-c9x2-xh7r","Github","True","2025-01-03T16:12:03Z","CWE-266","CVE-2024-56513","Karmada PULL Mode Cluster Privilege Escalation","HIGH","Go","github.com/karmada-io/karmada","[0,1.12.0)","https://github.com/karmada-io/karmada/security/advisories/GHSA-mg7w-c9x2-xh7r, https://nvd.nist.gov/vuln/detail/CVE-2024-56513, https://github.com/karmada-io/karmada/pull/5793, https://github.com/karmada-io/karmada/commit/2c82055c4c7f469411b1ba48c4dba4841df04831, https://github.com/karmada-io/karmada, https://karmada.io/docs/administrator/security/component-permission"
"GHSA-mgr7-5782-6jh9","Github","True","2025-01-13T16:18:39Z","CWE-1395, CWE-93","","The Umbraco Heartcore headless client library uses a vulnerable Refit dependency package","LOW","NuGet","Umbraco.Headless.Client.Net","[0,1.5.0)","https://github.com/reactiveui/refit/security/advisories/GHSA-3hxg-fxwm-8gf7, https://github.com/umbraco/Umbraco.Headless.Client.Net/security/advisories/GHSA-mgr7-5782-6jh9, https://nvd.nist.gov/vuln/detail/CVE-2024-51501, https://github.com/umbraco/Umbraco.Headless.Client.Net"
"GHSA-mjf9-4pcv-vfg7","Github","True","2025-01-08T09:30:39Z","CWE-502","CVE-2024-54676","Apache OpenMeetings vulnerable to Deserialization of Untrusted Data ","CRITICAL","Maven","org.apache.openmeetings:openmeetings-parent","[2.1.0,8.0.0)","https://nvd.nist.gov/vuln/detail/CVE-2024-54676, https://github.com/apache/openmeetings/commit/1c3426c6d3abbd984a3c01a61decf1242ea38923, https://github.com/apache/openmeetings, https://issues.apache.org/jira/browse/OPENMEETINGS-2787, https://lists.apache.org/thread/o0k05jxrt5tp4nm45lj14yfjxmg67m95, http://www.openwall.com/lists/oss-security/2025/01/08/1"
"GHSA-mm6v-68qp-f9fw","Github","True","2025-01-15T22:04:19Z","CWE-150, CWE-157","","Crayfish allows Remote Code Execution via Homarus Authorization header","CRITICAL","Packagist","islandora/crayfish","[0,4.1.0)","https://github.com/Islandora/Crayfish/security/advisories/GHSA-mm6v-68qp-f9fw, https://github.com/Islandora/Crayfish/commit/64cb4cec688928798cc40e6f0a0e863d7f69fd89, https://github.com/Islandora/Crayfish"
"GHSA-mqf3-qpc3-g26q","Github","True","2025-01-14T22:19:06Z","CWE-79","","Silverstripe Framework has a Reflected Cross Site Scripting (XSS) in error message","LOW","Packagist","silverstripe/framework","[0,5.3.8)","https://github.com/silverstripe/silverstripe-framework/security/advisories/GHSA-mqf3-qpc3-g26q, https://github.com/silverstripe/silverstripe-framework/commit/a555dad4ec73c929f6316bcb4019eb325a5b77d8, https://github.com/silverstripe/silverstripe-framework, https://www.silverstripe.org/download/security-releases/ss-2024-002"
"GHSA-p54p-p3qm-8vgj","Github","True","2025-01-14T19:43:16Z","CWE-122","CVE-2025-21171","Microsoft Security Advisory CVE-2025-21171 | .NET Remote Code Execution Vulnerability","HIGH","NuGet","Microsoft.NetCore.App.Runtime.linux-arm","[9.0.0,9.0.1)[9.0.0,9.0.1)[9.0.0,9.0.1)[9.0.0,9.0.1)[9.0.0,9.0.1)[9.0.0,9.0.1)[9.0.0,9.0.1)[9.0.0,9.0.1)[9.0.0,9.0.1)[9.0.0,9.0.1)[9.0.0,9.0.1)[9.0.0,9.0.1)","https://github.com/dotnet/runtime/security/advisories/GHSA-p54p-p3qm-8vgj, https://nvd.nist.gov/vuln/detail/CVE-2025-21171, https://github.com/dotnet/runtime, https://msrc.microsoft.com/update-guide/vulnerability/CVE-2025-21171"
"GHSA-p9v8-q5m4-pf46","Github","True","2025-01-16T17:19:07Z","CWE-285","CVE-2024-5138","CVE-2024-5138: snapd snapctl auth bypass","MODERATE","Go","github.com/snapcore/snapd","[2.51.6,2.63.1)[0,0.0.0-20240524114846-68ee9c6aa916)","https://github.com/canonical/snapd/security/advisories/GHSA-p9v8-q5m4-pf46, https://github.com/canonical/snapd/commit/68ee9c6aa916ab87dbfd9a26030690f2cabf1e14, https://bugs.launchpad.net/snapd/+bug/2065077, https://github.com/canonical/snapd, https://ubuntu.com/security/CVE-2024-5138, https://www.cve.org/CVERecord?id=CVE-2024-5138"
"GHSA-pm8j-3v64-92cq","Github","True","2025-01-16T17:21:20Z","CWE-79","CVE-2025-23198","LibreNMS Display Name Stored Cross-site Scripting vulnerability","MODERATE","Packagist","librenms/librenms","[24.9.0,24.11.0)","https://github.com/librenms/librenms/security/advisories/GHSA-pm8j-3v64-92cq, https://nvd.nist.gov/vuln/detail/CVE-2025-23198, https://github.com/librenms/librenms/commit/afe92dbf4321f107012690d476685603d1ccb013, https://github.com/librenms/librenms"
"GHSA-q6r2-x2cc-vrp7","Github","True","2025-01-14T21:20:42Z","CWE-436, CWE-74","CVE-2024-53263","Git LFS permits exfiltration of credentials via crafted HTTP URLs","HIGH","Go","github.com/git-lfs/git-lfs","[0.1.0,3.0.0][3.0.0,3.6.1)","https://github.com/git-lfs/git-lfs/security/advisories/GHSA-q6r2-x2cc-vrp7, https://nvd.nist.gov/vuln/detail/CVE-2024-53263, https://github.com/git-lfs/git-lfs/commit/0345b6f816e611d050c0df67b61f0022916a1c90, https://github.com/git-lfs/git-lfs, https://github.com/git-lfs/git-lfs/releases/tag/v3.6.1, https://pkg.go.dev/vuln/GO-2025-3390"
"GHSA-q8fg-cp3q-5jwm","Github","True","2025-01-09T09:31:42Z","CWE-863","CVE-2025-22449","Mattermost Incorrect Authorization vulnerability","LOW","Go","github.com/mattermost/mattermost/server/v8","[9.11.0,9.11.6)[0,8.0.0-20250102081831-64c566a8280b)","https://nvd.nist.gov/vuln/detail/CVE-2025-22449, https://github.com/mattermost/mattermost, https://mattermost.com/security-updates"
"GHSA-q9jv-mm3r-j47r","Github","True","2025-01-03T17:29:10Z","CWE-79","CVE-2024-56412","PhpSpreadsheet allows bypass XSS sanitizer using the javascript protocol and special characters","MODERATE","Packagist","phpoffice/phpspreadsheet","[3.0.0,3.7.0)[0,1.29.7)[2.0.0,2.1.6)[2.2.0,2.3.5)","https://github.com/PHPOffice/PhpSpreadsheet/security/advisories/GHSA-q9jv-mm3r-j47r, https://nvd.nist.gov/vuln/detail/CVE-2024-56412, https://github.com/PHPOffice/PhpSpreadsheet/commit/45052f88e04c735d56457a8ffcdc40b2635a028e, https://github.com/PHPOffice/PhpSpreadsheet"
"GHSA-g84x-g96g-rcjc","Github","True","2025-01-16T17:33:10Z","CWE-79","CVE-2025-23201","Librenms has a reflected XSS on error alert","MODERATE","Packagist","librenms/librenms","[0,24.11.0)","https://github.com/librenms/librenms/security/advisories/GHSA-g84x-g96g-rcjc, https://nvd.nist.gov/vuln/detail/CVE-2025-23201, https://github.com/librenms/librenms"
"GHSA-gjf6-3w4p-7xfh","Github","True","2025-01-14T19:46:14Z","CWE-126","CVE-2025-21176","Microsoft Security Advisory CVE-2025-21176 | .NET and Visual Studio Remote Code Execution Vulnerability","HIGH","NuGet","Microsoft.NetCore.App.Runtime.linux-arm","[9.0.0,9.0.1)[9.0.0,9.0.1)[9.0.0,9.0.1)[9.0.0,9.0.1)[9.0.0,9.0.1)[9.0.0,9.0.1)[9.0.0,9.0.1)[9.0.0,9.0.1)[9.0.0,9.0.1)[9.0.0,9.0.1)[9.0.0,9.0.1)[9.0.0,9.0.1)[8.0.0,8.0.12)[8.0.0,8.0.12)[8.0.0,8.0.12)[8.0.0,8.0.12)[8.0.0,8.0.12)[8.0.0,8.0.12)[8.0.0,8.0.12)[8.0.0,8.0.12)[8.0.0,8.0.12)[8.0.0,8.0.12)[8.0.0,8.0.12)[8.0.0,8.0.12)","https://github.com/dotnet/runtime/security/advisories/GHSA-gjf6-3w4p-7xfh, https://nvd.nist.gov/vuln/detail/CVE-2025-21176, https://github.com/dotnet/runtime, https://msrc.microsoft.com/update-guide/vulnerability/CVE-2025-21176"
"GHSA-gp86-q8hg-fpxj","Github","True","2025-01-16T19:07:43Z","CWE-789","CVE-2024-52791","matrix-media-repo (MMR) allows a denial of service through memory exhaustion","MODERATE","Go","github.com/t2bot/matrix-media-repo","[0,1.3.8)","https://github.com/t2bot/matrix-media-repo/security/advisories/GHSA-gp86-q8hg-fpxj, https://nvd.nist.gov/vuln/detail/CVE-2024-52791, https://github.com/t2bot/matrix-media-repo, https://github.com/t2bot/matrix-media-repo/releases/tag/v1.3.8, https://pkg.go.dev/vuln/GO-2025-3398"
"GHSA-hwcp-2h35-p66w","Github","True","2025-01-03T17:28:50Z","CWE-79","CVE-2024-56411","PhpSpreadsheet has a Cross-Site Scripting (XSS) vulnerability of the hyperlink base in the HTML page header","MODERATE","Packagist","phpoffice/phpspreadsheet","[3.0.0,3.7.0)[0,1.29.7)[2.0.0,2.1.6)[2.2.0,2.3.5)","https://github.com/PHPOffice/PhpSpreadsheet/security/advisories/GHSA-hwcp-2h35-p66w, https://nvd.nist.gov/vuln/detail/CVE-2024-56411, https://github.com/PHPOffice/PhpSpreadsheet/commit/45052f88e04c735d56457a8ffcdc40b2635a028e, https://github.com/PHPOffice/PhpSpreadsheet"
"GHSA-j2jg-fq62-7c3h","Github","True","2025-01-14T16:32:22Z","CWE-178, CWE-285","CVE-2025-23042","Gradio Blocked Path ACL Bypass Vulnerability","CRITICAL","PyPI","gradio","[0,5.11.0)","https://github.com/gradio-app/gradio/security/advisories/GHSA-j2jg-fq62-7c3h, https://nvd.nist.gov/vuln/detail/CVE-2025-23042, https://github.com/gradio-app/gradio/commit/6b63fdec441b5c9bf910f910a2505d8defbb6bf8, https://github.com/gradio-app/gradio, https://github.com/gradio-app/gradio/releases/tag/gradio%405.11.0"
"GHSA-j2xg-cjcx-4677","Github","True","2025-01-03T17:06:51Z","CWE-79","CVE-2024-56409","PhpSpreadsheet allows unauthorized Reflected XSS in Currency.php file","HIGH","Packagist","phpoffice/phpspreadsheet","[3.0.0,3.7.0)[0,1.29.7)[2.0.0,2.1.6)[2.2.0,2.3.5)","https://github.com/PHPOffice/PhpSpreadsheet/security/advisories/GHSA-j2xg-cjcx-4677, https://nvd.nist.gov/vuln/detail/CVE-2024-56409, https://github.com/PHPOffice/PhpSpreadsheet/commit/700a80346be269af668914172bc6f4521982d0b4, https://github.com/PHPOffice/PhpSpreadsheet"
"GHSA-j386-3444-qgwg","Github","True","2025-01-03T16:29:58Z","CWE-79","CVE-2025-21610","Trix allows Cross-site Scripting via `javascript:` url in a link","MODERATE","npm","trix","[0,2.1.12)","https://github.com/basecamp/trix/security/advisories/GHSA-j386-3444-qgwg, https://nvd.nist.gov/vuln/detail/CVE-2025-21610, https://github.com/basecamp/trix/commit/180c8d337f18e1569cea6ef29b4d03ffff5b5faa, https://github.com/basecamp/trix/commit/c4f0d6f80654603932af6685694f694e96593b93, https://gist.github.com/th4s1s/3921fd9c3e324ad9a3e0d846166e3eb8, https://github.com/basecamp/trix"
"GHSA-j3f9-p6hm-5w6q","Github","True","2025-01-08T21:03:28Z","CWE-98","CVE-2025-22145","Carbon has an arbitrary file include via unvalidated input passed to Carbon::setLocale","MODERATE","Packagist","nesbot/carbon","[3.0.0,3.8.4)[0,2.72.6)","https://github.com/CarbonPHP/carbon/security/advisories/GHSA-j3f9-p6hm-5w6q, https://nvd.nist.gov/vuln/detail/CVE-2025-22145, https://github.com/briannesbitt/Carbon/commit/129700ed449b1f02d70272d2ac802357c8c30c58, https://github.com/CarbonPHP/carbon"
"GHSA-j4jw-m6xr-fv6c","Github","True","2025-01-08T15:43:25Z","CWE-22","CVE-2025-22130","Soft Serve vulnerable to path traversal attacks","MODERATE","Go","github.com/charmbracelet/soft-serve","[0,0.8.2)","https://github.com/charmbracelet/soft-serve/security/advisories/GHSA-j4jw-m6xr-fv6c, https://nvd.nist.gov/vuln/detail/CVE-2025-22130, https://github.com/charmbracelet/soft-serve/commit/a8d1bf3f9349c138383b65079b7b8ad97fff78f4, https://github.com/charmbracelet/soft-serve, https://github.com/charmbracelet/soft-serve/releases/tag/v0.8.2"
"GHSA-j4v9-cm37-h7c2","Github","True","2025-01-10T21:31:27Z","CWE-79","CVE-2024-33297","Microweber Cross-site Scripting vulnerability","MODERATE","Packagist","microweber/microweber","[0,2.0.9]","https://nvd.nist.gov/vuln/detail/CVE-2024-33297, https://github.com/MathSabo/CVE-2024-33297, https://github.com/microweber/microweber"
"GHSA-jhvj-f397-8w6q","Github","True","2025-01-16T19:05:39Z","CWE-79","CVE-2025-23366","HAL Console has a Cross Site Scripting (XSS) vulnerability of user input","MODERATE","Maven","org.jboss.hal:hal-console","[0,3.7.7.Final)","https://github.com/hal/console/security/advisories/GHSA-jhvj-f397-8w6q, https://access.redhat.com/security/cve/CVE-2025-23366, https://bugzilla.redhat.com/show_bug.cgi?id=2337619, https://github.com/hal/console, https://github.com/hal/console/releases/tag/v3.7.7"
"GHSA-jjcv-wr2g-4rv4","Github","True","2025-01-14T19:44:47Z","CWE-122","CVE-2025-21172","Microsoft Security Advisory CVE-2025-21172 | .NET and Visual Studio Remote Code Execution Vulnerability","HIGH","NuGet","Microsoft.NetCore.App.Runtime.linux-arm","[9.0.0,9.0.1)[9.0.0,9.0.1)[9.0.0,9.0.1)[9.0.0,9.0.1)[9.0.0,9.0.1)[9.0.0,9.0.1)[9.0.0,9.0.1)[9.0.0,9.0.1)[9.0.0,9.0.1)[9.0.0,9.0.1)[9.0.0,9.0.1)[9.0.0,9.0.1)[8.0.0,8.0.12)[8.0.0,8.0.12)[8.0.0,8.0.12)[8.0.0,8.0.12)[8.0.0,8.0.12)[8.0.0,8.0.12)[8.0.0,8.0.12)[8.0.0,8.0.12)[8.0.0,8.0.12)[8.0.0,8.0.12)[8.0.0,8.0.12)","https://github.com/dotnet/runtime/security/advisories/GHSA-jjcv-wr2g-4rv4, https://nvd.nist.gov/vuln/detail/CVE-2025-21172, https://github.com/dotnet/runtime, https://msrc.microsoft.com/update-guide/vulnerability/CVE-2025-21172"
"GHSA-c66p-64fj-jmc2","Github","True","2025-01-16T17:32:55Z","CWE-79","CVE-2025-23200","LibreNMS Misc Section Stored Cross-site Scripting vulnerability","MODERATE","Packagist","librenms/librenms","[23.9.0,24.11.0)","https://github.com/librenms/librenms/security/advisories/GHSA-c66p-64fj-jmc2, https://nvd.nist.gov/vuln/detail/CVE-2025-23200, https://github.com/librenms/librenms/pull/16722, https://github.com/librenms/librenms/commit/26258a2518dbfa55b213ec4b90ec16ed97efb597, https://github.com/librenms/librenms"
"GHSA-c6fv-7vh8-2rhr","Github","True","2025-01-03T17:06:23Z","CWE-79","CVE-2024-56366","PhpSpreadsheet allows unauthorized Reflected XSS in the Accounting.php file","HIGH","Packagist","phpoffice/phpspreadsheet","[3.0.0,3.7.0)[0,1.29.7)[2.0.0,2.1.6)[2.2.0,2.3.5)","https://github.com/PHPOffice/PhpSpreadsheet/security/advisories/GHSA-c6fv-7vh8-2rhr, https://nvd.nist.gov/vuln/detail/CVE-2024-56366, https://github.com/PHPOffice/PhpSpreadsheet/commit/700a80346be269af668914172bc6f4521982d0b4, https://github.com/PHPOffice/PhpSpreadsheet"
"GHSA-c873-wfhp-wx5m","Github","True","2025-01-15T21:25:54Z","",""," SP1 has missing verifier checks and fiat-shamir observations","HIGH","crates.io","sp1-stark","[0,4.0.0)","https://github.com/succinctlabs/sp1/security/advisories/GHSA-c873-wfhp-wx5m, https://github.com/succinctlabs/sp1"
"GHSA-c9p4-xwr9-rfhx","Github","True","2025-01-17T22:02:26Z","","CVE-2025-23208","Zot IdP group membership revocation ignored","HIGH","Go","zotregistry.dev/zot","[0,2.1.2)","https://github.com/project-zot/zot/security/advisories/GHSA-c9p4-xwr9-rfhx, https://github.com/project-zot/zot/commit/002ac62d8a15bf0cba010b3ba7bde86f9837b613, https://github.com/project-zot/zot"
"GHSA-cg87-wmx4-v546","Github","True","2025-01-17T21:22:56Z","CWE-116","CVE-2025-23207","KaTeX \htmlData does not validate attribute names","MODERATE","npm","katex","[0.12.0,0.16.21)","https://github.com/KaTeX/KaTeX/security/advisories/GHSA-cg87-wmx4-v546, https://github.com/KaTeX/KaTeX/commit/ff289955e81aab89086eef09254cbf88573d415c, https://github.com/KaTeX/KaTeX"
"GHSA-cjfr-9f5r-3q93","Github","True","2025-01-14T15:24:52Z","CWE-352, CWE-749","CVE-2024-55893","TYPO3 Cross-Site Request Forgery in Log Module","MODERATE","Packagist","typo3/cms-belog","[10.0.0,10.4.48)[11.0.0,11.5.42)[12.0.0,12.4.25)[13.0.0,13.4.3)","https://github.com/TYPO3/typo3/security/advisories/GHSA-cjfr-9f5r-3q93, https://nvd.nist.gov/vuln/detail/CVE-2024-55893, https://github.com/TYPO3-CMS/belog/commit/ece08246dbcea416ff97d4cc013bf24fb622fe5f, https://github.com/TYPO3-CMS/belog, https://typo3.org/security/advisory/typo3-core-sa-2025-003"
"GHSA-cjgq-5qmw-rcj6","Github","True","2025-01-08T18:30:48Z","CWE-22","CVE-2024-55459","keras Path Traversal vulnerability","MODERATE","PyPI","keras","[0,3.7.0]","https://nvd.nist.gov/vuln/detail/CVE-2024-55459, https://github.com/keras-team/keras, https://github.com/keras-team/keras/blob/8f5592bcb61ff48c96560c8923e482db1076b54a/keras/src/utils/file_utils.py#L115, https://keras.io, https://river-bicycle-f1e.notion.site/Arbitrary-File-Write-Vulnerability-in-get_file-function-11888e31952580179224e50892976d32"
"GHSA-cpv4-ggrr-7j9v","Github","True","2025-01-14T16:00:21Z","CWE-502, CWE-94","CVE-2024-49375","Rasa Allows Remote Code Execution via Remote Model Loading","CRITICAL","PyPI","rasa-pro","[3.10.0,3.10.12)[3.9.0,3.9.16)[0,3.8.18)[0,3.6.21)","https://github.com/RasaHQ/rasa-pro-security-advisories/security/advisories/GHSA-cpv4-ggrr-7j9v, https://nvd.nist.gov/vuln/detail/CVE-2024-49375, https://github.com/RasaHQ/rasa/commit/2bb1d779d4f4acaf70b6dfa35dd1899dccbb1ae6, https://github.com/rasahq/rasa"
"GHSA-cwrh-575j-8vr3","Github","True","2025-01-03T16:15:54Z","CWE-22","CVE-2024-56514","Karmada Tar Slips in CRDs archive extraction","MODERATE","Go","github.com/karmada-io/karmada","[0,1.12.0)","https://github.com/karmada-io/karmada/security/advisories/GHSA-cwrh-575j-8vr3, https://nvd.nist.gov/vuln/detail/CVE-2024-56514, https://github.com/karmada-io/karmada/pull/5703, https://github.com/karmada-io/karmada/pull/5713, https://github.com/karmada-io/karmada/commit/40ec488b18a461ab0f871d2c9ec8665b361f0d50, https://github.com/karmada-io/karmada/commit/f78e7e2a3d02bed04e9bc7abd3ae7b3ac56862d2, https://github.com/karmada-io/karmada"
"GHSA-f27p-cmv8-xhm6","Github","True","2025-01-06T22:27:09Z","CWE-200","CVE-2025-21620","fetch: Authorization headers not dropped when redirecting cross-origin","HIGH","crates.io","deno_fetch","[0.0.1,0.204.0)[0,1.46.3][2.0.0,2.1.2)","https://github.com/denoland/deno/security/advisories/GHSA-f27p-cmv8-xhm6, https://nvd.nist.gov/vuln/detail/CVE-2025-21620, https://github.com/denoland/deno"
"GHSA-f4v7-3mww-9gc2","Github","True","2025-01-13T16:58:08Z","CWE-526","CVE-2024-11736","Keycloak allows unrestricted admin use of system and environment variables","MODERATE","Maven","org.keycloak:keycloak-quarkus-server","[0,26.0.8)","https://github.com/keycloak/keycloak/security/advisories/GHSA-f4v7-3mww-9gc2, https://nvd.nist.gov/vuln/detail/CVE-2024-11736, https://github.com/keycloak/keycloak/commit/7a76858fe4aa39a39fb6b86dd3d2c113d9c59854, https://access.redhat.com/errata/RHSA-2025:0299, https://access.redhat.com/errata/RHSA-2025:0300, https://access.redhat.com/security/cve/CVE-2024-11736, https://bugzilla.redhat.com/show_bug.cgi?id=2328850, https://github.com/keycloak/keycloak"
"GHSA-fcr8-4r9f-r66m","Github","True","2025-01-17T16:29:16Z","CWE-1021, CWE-668","CVE-2025-23205","nbgrader's `frame-ancestors: self` grants all users access to formgrader","HIGH","PyPI","nbgrader","[0.9.4,0.9.5)[0.9.4]","https://github.com/jupyter/nbgrader/security/advisories/GHSA-fcr8-4r9f-r66m, https://nvd.nist.gov/vuln/detail/CVE-2025-23205, https://github.com/jupyter/nbgrader/pull/1915, https://github.com/jupyter/nbgrader/commit/73e137511ac1dc02e95790d4fd6d4d88dab42325, https://github.com/jupyter/nbgrader, https://jupyterhub.readthedocs.io/en/stable/explanation/websecurity.html"
"GHSA-ff6q-3c9c-6cf5","Github","True","2025-01-14T22:18:59Z","CWE-79","CVE-2024-53277","Silverstripe Framework has a XSS in form messages","MODERATE","Packagist","silverstripe/framework","[0,5.3.8)","https://github.com/silverstripe/silverstripe-framework/security/advisories/GHSA-ff6q-3c9c-6cf5, https://nvd.nist.gov/vuln/detail/CVE-2024-53277, https://github.com/silverstripe/silverstripe-framework/commit/74904f539347b7d1f8c5b5fb9e28d62ff251ee00, https://github.com/silverstripe/silverstripe-framework, https://www.silverstripe.org/download/security-releases/cve-2024-53277"
"GHSA-g5x8-v2ch-gj2g","Github","True","2025-01-09T21:31:32Z","CWE-79","CVE-2024-55224","Vaultwarden HTML injection vulnerability","LOW","crates.io","vaultwarden","[0,1.32.5)","https://nvd.nist.gov/vuln/detail/CVE-2024-55224, https://github.com/dani-garcia/vaultwarden, https://github.com/dani-garcia/vaultwarden/releases/tag/1.32.4, https://github.com/dani-garcia/vaultwarden/releases/tag/1.32.5, https://insinuator.net/2024/11/vulnerability-disclosure-authentication-bypass-in-vaultwarden-versions-1-32-5"
"GHSA-8863-4qmg-fr45","Github","True","2025-01-08T09:30:38Z","CWE-613","CVE-2024-45033","Apache Airflow Fab Provider Insufficient Session Expiration vulnerability","LOW","PyPI","apache-airflow-providers-fab","[0,1.5.2)","https://nvd.nist.gov/vuln/detail/CVE-2024-45033, https://github.com/apache/airflow/pull/45139, https://github.com/apache/airflow, https://lists.apache.org/thread/yw535346rk766ybzpqtvrl36sjj789st"
"GHSA-8cvq-3jjp-ph9p","Github","True","2025-01-14T18:31:59Z","CWE-552","CVE-2024-45627","Apache Linkis Metadata Query Service JDBC: JDBC Datasource Module with Mysql has file read vulnerability","MODERATE","Maven","org.apache.linkis:linkis-metadata-query-service-jdbc","[1.5.0,1.7.0)","https://nvd.nist.gov/vuln/detail/CVE-2024-45627, https://github.com/apache/linkis, https://lists.apache.org/thread/0zzx8lldwoqgzq98mg61hojgpvn76xsh, http://www.openwall.com/lists/oss-security/2025/01/14/1"
"GHSA-8fx8-pffw-w498","Github","True","2025-01-03T16:24:34Z","CWE-459, CWE-552","CVE-2025-21609","SiYuan has an arbitrary file deletion vulnerability","HIGH","Go","github.com/siyuan-note/siyuan/kernel","[0,","https://github.com/siyuan-note/siyuan/security/advisories/GHSA-8fx8-pffw-w498, https://nvd.nist.gov/vuln/detail/CVE-2025-21609, https://github.com/siyuan-note/siyuan/commit/d9887aeec1b27073bec66299a9a4181dc42969f3, https://github.com/siyuan-note/siyuan"
"GHSA-8j3q-gc9x-7972","Github","True","2025-01-15T18:30:56Z","CWE-704","CVE-2025-21088","Mattermost Incorrect Type Conversion or Cast","MODERATE","Go","github.com/mattermost/mattermost/server/v8","[10.2.0,10.2.1)[10.1.0,10.1.4)[10.0.0,10.0.4)[9.11.0,9.11.6)[0,8.0.0-20241127161322-25ff7a3779a5)","https://nvd.nist.gov/vuln/detail/CVE-2025-21088, https://github.com/mattermost/mattermost, https://mattermost.com/security-updates, https://pkg.go.dev/vuln/GO-2025-3393"
"GHSA-8mv3-37rc-pvxj","Github","True","2025-01-14T15:42:50Z","CWE-352, CWE-749","CVE-2024-55945","TYPO3 DB Check Module vulnerable to Cross-Site Request Forgery","MODERATE","Packagist","typo3/cms-lowlevel","[11.0.0,11.5.42)","https://github.com/TYPO3/typo3/security/advisories/GHSA-8mv3-37rc-pvxj, https://nvd.nist.gov/vuln/detail/CVE-2024-55945, https://github.com/TYPO3-CMS/lowlevel, https://typo3.org/security/advisory/typo3-core-sa-2025-010"
"GHSA-8vmr-h7h5-cqhg","Github","True","2025-01-16T19:05:01Z","CWE-287","CVE-2024-36402","matrix-media-repo (MMR) allows unauthenticated writes to the media repository, which may allow planting of problematic content","MODERATE","Go","github.com/t2bot/matrix-media-repo","[0,1.3.5)","https://github.com/t2bot/matrix-media-repo/security/advisories/GHSA-8vmr-h7h5-cqhg, https://nvd.nist.gov/vuln/detail/CVE-2024-36402, https://github.com/matrix-org/matrix-spec-proposals/pull/3916, https://github.com/t2bot/matrix-media-repo, https://pkg.go.dev/vuln/GO-2025-3397"
"GHSA-8vq4-8hfp-29xh","Github","True","2025-01-17T00:30:48Z","CWE-200","CVE-2024-48460","Eugeny Tabby Sends Password Despite Host Key Verification Failure","HIGH","npm","tabby-ssh","[0,1.0.214)","https://nvd.nist.gov/vuln/detail/CVE-2024-48460, https://github.com/Eugeny/tabby/issues/9955, https://github.com/Eugeny/tabby/commit/1c077147acd0a6ec9f8ee80d83a3e9688fbb9444, https://github.com/Eugeny/tabby"
"GHSA-94p5-r7cc-3rpr","Github","True","2025-01-02T12:52:42Z","CWE-22","CVE-2024-56198","path-sanitizer allows bypassing the existing filters to achieve path-traversal vulnerability ","CRITICAL","npm","path-sanitizer","[0,3.1.0)","https://github.com/cabraviva/path-sanitizer/security/advisories/GHSA-94p5-r7cc-3rpr, https://nvd.nist.gov/vuln/detail/CVE-2024-56198, https://github.com/cabraviva/path-sanitizer/commit/b6d2319eac910dffdfacc8460f5b5cc5a1518ead, https://github.com/cabraviva/path-sanitizer, https://www.loom.com/share/b766ece5193842848ce7562fcd559256?sid=fd826eb6-0eee-4601-bf0e-9cfee5c56e9d"
"GHSA-95m2-chm4-mq7m","Github","True","2025-01-07T17:11:02Z","CWE-79","","PHP-Textile has persistent XSS vulnerability in image link handling","HIGH","Packagist","netcarver/textile","[0,4.1.3)","https://github.com/textile/php-textile/security/advisories/GHSA-95m2-chm4-mq7m, https://github.com/textile/php-textile/commit/ab18ae9703bee8b15f1b9d889d40e1881728bae6, https://github.com/textile/php-textile"
"GHSA-97h9-p9f8-4p3r","Github","True","2025-01-10T21:31:27Z","CWE-79","CVE-2024-33299","Microweber Cross-site Scripting vulnerability","MODERATE","Packagist","microweber/microweber","[0,2.0.9]","https://nvd.nist.gov/vuln/detail/CVE-2024-33299, https://github.com/MathSabo/CVE-2024-33299, https://github.com/microweber/microweber"
"GHSA-9v8m-qv22-f268","Github","True","2025-01-14T19:41:48Z","CWE-20, CWE-602","CVE-2025-23041","Umbraco Forms's Short and Long Answer Fields Are Not Validated Server-Side For Maximum Length","MODERATE","NuGet","Umbraco.Forms","[0,10.5.7)[0,8.13.16)[11.0.0-rc1,13.2.2)[14.0.0-beta001,14.1.2)","https://github.com/umbraco/Umbraco.Forms.Issues/security/advisories/GHSA-9v8m-qv22-f268, https://nvd.nist.gov/vuln/detail/CVE-2025-23041"
"GHSA-c3h5-h73c-29hq","Github","True","2025-01-14T18:32:00Z","CWE-79","CVE-2025-23081","Mediawiki - DataTransfer Extension Cross-Site Request Forgery (CSRF) and Cross-site Scripting (XSS)","MODERATE","Packagist","mediawiki/data-transfer","[1.39.0,1.39.11)[1.41.0,1.41.3)[1.42.0,1.42.2)","https://nvd.nist.gov/vuln/detail/CVE-2025-23081, https://gerrit.wikimedia.org/r/c/mediawiki/extensions/DataTransfer/+/1080451, https://gerrit.wikimedia.org/r/c/mediawiki/extensions/DataTransfer/+/1093931, https://gerrit.wikimedia.org/r/q/I5e1538a3bf66378810f905834c05626e1d2c82f0, https://gerrit.wikimedia.org/r/q/I773c616db781d2f3f30893ad01ef503bf251a2b3, https://gerrit.wikimedia.org/r/q/I7c9de4c8dcdb3276ba923c6bc7c8eef3531324c7, https://gerrit.wikimedia.org/r/q/I9223c31f02f31f1e06e1a8cddf7d539cc8d3a3d9, https://github.com/wikimedia/mediawiki-extensions-DataTransfer, https://phabricator.wikimedia.org/T379749"
"GHSA-5xh2-23cc-5jc6","Github","True","2025-01-09T18:51:51Z","CWE-351, CWE-843","CVE-2025-22151","Strawberry GraphQL has type resolution vulnerability in node interface that allows potential data leakage through incorrect type resolution","LOW","PyPI","strawberry-graphql","[0.182.0,0.257.0)","https://github.com/strawberry-graphql/strawberry/security/advisories/GHSA-5xh2-23cc-5jc6, https://nvd.nist.gov/vuln/detail/CVE-2025-22151, https://github.com/strawberry-graphql/strawberry/commit/526eb82b70451c0e59d5a71ae9b7396f59974bd8, https://github.com/strawberry-graphql/strawberry"
"GHSA-63wg-87qv-rw4r","Github","True","2025-01-09T21:31:31Z","CWE-799","CVE-2024-13274","Drupal Open Social allows Functionality Misuse","MODERATE","Packagist","goalgorilla/open_social","[0,12.3.8)[12.4.0,12.4.5)[13.0.0-alpha1,13.0.0-alpha11)","https://nvd.nist.gov/vuln/detail/CVE-2024-13274, https://github.com/goalgorilla/open_social, https://www.drupal.org/sa-contrib-2024-038"
"GHSA-675f-rq2r-jw82","Github","True","2025-01-09T17:23:43Z","CWE-672","CVE-2025-22149","JWK Set's HTTP client only overwrites and appends JWK to local cache during refresh","LOW","Go","github.com/MicahParks/jwkset","[0.5.0,0.6.0)","https://github.com/MicahParks/jwkset/security/advisories/GHSA-675f-rq2r-jw82, https://nvd.nist.gov/vuln/detail/CVE-2025-22149, https://github.com/MicahParks/jwkset/issues/40, https://github.com/MicahParks/jwkset/pull/41, https://github.com/MicahParks/jwkset/commit/01db49a90f7f20c7fb39a699a2f19a7a5f379ed3, https://github.com/MicahParks/jwkset"
"GHSA-6fx8-h7jm-663j","Github","True","2025-01-16T00:31:22Z","CWE-185","CVE-2024-36751","parse-uri Regular expression Denial of Service (ReDoS)","MODERATE","npm","parse-uri","[0,1.0.9][0,","https://nvd.nist.gov/vuln/detail/CVE-2024-36751, https://github.com/Kikobeats/parse-uri/issues/14, https://gist.github.com/6en6ar/78168687da94e8aa2e0357f2456b0233"
"GHSA-6gf2-ffq8-gcww","Github","True","2025-01-08T22:03:58Z","CWE-601","CVE-2024-53995","GHSL-2024-288: SickChill open redirect in login","LOW","PyPI","sickchill","[0,2024.3.1]","https://nvd.nist.gov/vuln/detail/CVE-2024-53995, https://github.com/SickChill/sickchill/pull/8811, https://github.com/SickChill/sickchill/commit/c7128a8946c3701df95c285810eb75b2de18bf82, https://github.com/SickChill/sickchill, https://github.com/SickChill/sickchill/blob/846adafdfab579281353ea08a27bbb813f9a9872/sickchill/views/authentication.py#L33, https://securitylab.github.com/advisories/GHSL-2024-283_GHSL-2024-291_sickchill_sickchill"
"GHSA-6w4x-gcx3-8p7v","Github","True","2025-01-14T15:25:04Z","CWE-352, CWE-749","CVE-2024-55894","TYPO3 Cross-Site Request Forgery in Backend User Module","MODERATE","Packagist","typo3/cms-beuser","[10.0.0,10.4.48)[11.0.0,11.5.42)[12.0.0,12.4.25)[13.0.0,13.4.3)","https://github.com/TYPO3/typo3/security/advisories/GHSA-6w4x-gcx3-8p7v, https://nvd.nist.gov/vuln/detail/CVE-2024-55894, https://github.com/TYPO3-CMS/beuser/commit/1bb317cb2bc0b2f6ba4f758a088f060b36c67f9d, https://github.com/TYPO3-CMS/beuser, https://typo3.org/security/advisory/typo3-core-sa-2025-004"
"GHSA-7835-fcv3-g256","Github","True","2025-01-14T15:42:12Z","CWE-352, CWE-749","CVE-2024-55924","TYPO3 Scheduler Module vulnerable to Cross-Site Request Forgery","HIGH","Packagist","typo3/cms-scheduler","[11.0.0,11.5.42)","https://github.com/TYPO3/typo3/security/advisories/GHSA-7835-fcv3-g256, https://nvd.nist.gov/vuln/detail/CVE-2024-55924, https://github.com/TYPO3-CMS/scheduler, https://typo3.org/security/advisory/typo3-core-sa-2025-009"
"GHSA-7cmp-cgg8-4c82","Github","True","2025-01-14T22:18:52Z","CWE-79","CVE-2024-47605","Silverstripe Framework has a XSS via insert media remote file oembed","MODERATE","Packagist","silverstripe/framework","[0,5.3.8)","https://github.com/silverstripe/silverstripe-asset-admin/security/advisories/GHSA-7cmp-cgg8-4c82, https://nvd.nist.gov/vuln/detail/CVE-2024-47605, https://github.com/silverstripe/silverstripe-framework/commit/09b5052c86932f273e0d733428c9aade70ff2a4a, https://github.com/silverstripe/silverstripe-framework, https://www.silverstripe.org/download/security-releases/cve-2024-47605"
"GHSA-7m27-7ghc-44w9","Github","True","2025-01-03T20:19:29Z","CWE-770","CVE-2024-56332","Next.js Allows a Denial of Service (DoS) with Server Actions","MODERATE","npm","next","[13.0.0,13.5.8)[14.0.0,14.2.21)[15.0.0,15.1.2)","https://github.com/vercel/next.js/security/advisories/GHSA-7m27-7ghc-44w9, https://nvd.nist.gov/vuln/detail/CVE-2024-56332, https://github.com/vercel/next.js"
"GHSA-7pq6-v88g-wf3w","Github","True","2025-01-15T21:25:27Z","CWE-287","CVE-2025-22146","Sentry's improper authentication on SAML SSO process allows user impersonation","CRITICAL","PyPI","sentry","[21.12.0,25.1.0)","https://github.com/getsentry/sentry/security/advisories/GHSA-7pq6-v88g-wf3w, https://nvd.nist.gov/vuln/detail/CVE-2025-22146, https://github.com/getsentry/sentry/pull/83407, https://github.com/getsentry/sentry/commit/6db508f7949d117c7dff748a3c82c3a272bf7cfd, https://github.com/getsentry/sentry"
"GHSA-7r5q-4qgx-v545","Github","True","2025-01-14T15:40:59Z","CWE-352, CWE-749","CVE-2024-55923","TYPO3 Indexed Search Module vulnerable to Cross-Site Request Forgery","MODERATE","Packagist","typo3/cms-indexed-search","[10.0.0,10.4.48)[11.0.0,11.5.42)[12.0.0,12.4.25)[13.0.0,13.4.3)","https://github.com/TYPO3/typo3/security/advisories/GHSA-7r5q-4qgx-v545, https://nvd.nist.gov/vuln/detail/CVE-2024-55923, https://github.com/TYPO3-CMS/indexed_search/commit/cfda3f1edeea3c50034bce5c25393e297408c2b4, https://github.com/TYPO3-CMS/indexed_search, https://typo3.org/security/advisory/typo3-core-sa-2025-008"
"GHSA-7rgp-4j56-fm79","Github","True","2025-01-09T09:31:42Z","CWE-754","CVE-2025-22445","Mattermost has Improper Check for Unusual or Exceptional Conditions","LOW","Go","github.com/mattermost/mattermost/server/v8","[10.0,10.3.0)[0,8.0.0-20250102081831-64c566a8280b)","https://nvd.nist.gov/vuln/detail/CVE-2025-22445, https://github.com/mattermost/mattermost, https://mattermost.com/security-updates"
"GHSA-7w6r-748w-mh52","Github","True","2025-01-09T09:31:42Z","CWE-276","CVE-2023-1907","pgAdmin has Incorrect Default Permissions","HIGH","PyPI","pgadmin4","[0,7.0)","https://nvd.nist.gov/vuln/detail/CVE-2023-1907, https://github.com/pgadmin-org/pgadmin4/issues/6100, https://github.com/pgadmin-org/pgadmin4/commit/fa29ba91632634d961f937ce3ed2c3b5a9d78f59, https://bugzilla.redhat.com/show_bug.cgi?id=2218384, https://github.com/pgadmin-org/pgadmin4, https://github.com/pgadmin-org/pgadmin4/blob/a9974b418c49760d3989b7fb25e052ff16b89ac6/docs/en_US/release_notes_7_0.rst"
"GHSA-86c2-4x57-wc8g","Github","True","2025-01-14T19:40:54Z","CWE-200, CWE-436","CVE-2024-50338","Git Credential Manager carriage-return character in remote URL allows malicious repository to leak credentials","HIGH","NuGet","git-credential-manager","[0,2.6.1)","https://github.com/git-ecosystem/git-credential-manager/security/advisories/GHSA-86c2-4x57-wc8g, https://nvd.nist.gov/vuln/detail/CVE-2024-50338, https://git-scm.com/docs/git-credential#IOFMT, https://github.com/dotnet/runtime/blob/e476b43b5cb42eb44ce23b1c7b793aa361624cf6/src/libraries/System.Private.CoreLib/src/System/IO/StreamReader.cs#L926, https://github.com/git-ecosystem/git-credential-manager, https://github.com/git-ecosystem/git-credential-manager/blob/ae009e11a0fbef804ad9f78816d84a0bc7e052fe/src/shared/Core/StreamExtensions.cs#L138-L141, https://github.com/git-ecosystem/git-credential-manager/compare/749e287571c78a2b61f926ccce6a707050871ab8...99e2f7f60e7364fe807e7925f361a81f3c47bd1b, https://github.com/git-ecosystem/git-credential-manager/releases/tag/v2.6.1, https://github.com/git/git/blob/6a11438f43469f3815f2f0fc997bd45792ff04c0/credential.c#L311, https://learn.microsoft.com/en-us/dotnet/api/system.io.streamreader?view=net-8.0"
"GHSA-2p95-8xvm-2pjx","Github","True","2025-01-06T21:30:51Z","CWE-79","CVE-2024-46209","REDAXO CMS Cross-site Scripting vulnerability","LOW","Packagist","redaxo/source","[0,5.17.1]","https://nvd.nist.gov/vuln/detail/CVE-2024-46209, https://github.com/h4ckr4v3n/CVE-2024-46209/blob/main/REDAXO%20Stored%20XSS%20%2B%20RCE.pdf, https://github.com/h4ckr4v3n/research_redaxo_5_17_1.git, https://github.com/redaxo/redaxo"
"GHSA-2r2v-9pf8-6342","Github","True","2025-01-07T15:52:16Z","","","WireGuard Portal v2 Vulnerable to OAuth Insecure Redirect URI / Account Takeover","HIGH","Go","github.com/h44z/wg-portal","[2.0.0-alpha.1,2.0.0-alpha.3)","https://github.com/h44z/wg-portal/security/advisories/GHSA-2r2v-9pf8-6342, https://github.com/h44z/wg-portal/commit/62dbdfe0f96045d46e121d509fc181fbb7936895, https://github.com/h44z/wg-portal"
"GHSA-2v2w-8v8c-wcm9","Github","True","2025-01-14T22:03:33Z","CWE-79","CVE-2024-52281","Rancher UI has Stored Cross-site Scripting vulnerability","HIGH","Go","github.com/rancher/rancher","[2.9.0,2.9.4)","https://github.com/rancher/rancher/security/advisories/GHSA-2v2w-8v8c-wcm9, https://github.com/rancher/rancher"
"GHSA-32q6-rr98-cjqv","Github","True","2025-01-13T19:59:24Z","CWE-285","CVE-2024-56323","OpenFGA Authorization Bypass","MODERATE","Go","github.com/openfga/openfga","[1.3.8,1.8.3)","https://github.com/openfga/openfga/security/advisories/GHSA-32q6-rr98-cjqv, https://nvd.nist.gov/vuln/detail/CVE-2024-56323, https://github.com/openfga/openfga, https://pkg.go.dev/vuln/GO-2025-3384"
"GHSA-38x7-cc6w-j27q","Github","True","2025-01-14T15:23:41Z","CWE-532","CVE-2024-55891","TYPO3 Information Disclosure via Exception Handling/Logger","LOW","Packagist","typo3/cms-install","[13.4.2,13.4.3)[13.4.2]","https://github.com/TYPO3/typo3/security/advisories/GHSA-38x7-cc6w-j27q, https://nvd.nist.gov/vuln/detail/CVE-2024-55891, https://github.com/TYPO3-CMS/install/commit/baa8089b1baf5552fab213a5761081608b0afc51, https://github.com/TYPO3-CMS/install, https://typo3.org/security/advisory/typo3-core-sa-2025-001"
"GHSA-3wg7-r7q5-r2jf","Github","True","2025-01-16T18:31:00Z","CWE-639","CVE-2024-50633","Indico Insecure Access","MODERATE","PyPI","indico","[3.2.9,3.3.3)","https://nvd.nist.gov/vuln/detail/CVE-2024-50633, https://github.com/cetinpy/CVE-2024-50633, https://github.com/indico/indico"
"GHSA-45v3-38pc-874v","Github","True","2025-01-13T16:14:07Z","CWE-299","CVE-2024-56138","notation-go's timestamp signature generation lacks certificate revocation check","MODERATE","Go","github.com/notaryproject/notation-go","[1.2.0-beta.1,1.3.0-rc.2)","https://github.com/notaryproject/notation-go/security/advisories/GHSA-45v3-38pc-874v, https://nvd.nist.gov/vuln/detail/CVE-2024-56138, https://github.com/notaryproject/notation-go/commit/e7005a6d13e5ba472d4e166fbb085152f909e102, https://github.com/notaryproject/notation-go/commit/e99be1954a15673020150c5f8800b8174cd7428d, https://github.com/notaryproject/notation-go, https://pkg.go.dev/vuln/GO-2025-3381"
"GHSA-45v9-w9fh-33j6","Github","True","2025-01-15T18:30:58Z","CWE-1287","CVE-2025-20088","Mattermost fails to properly validate post props","MODERATE","Go","github.com/mattermost/mattermost/server/v8","[10.2.0,10.2.1)[10.1.0,10.1.4)[10.0.0,10.0.4)[9.11.0,9.11.6)[0,8.0.0-20241127161322-25ff7a3779a5)","https://nvd.nist.gov/vuln/detail/CVE-2025-20088, https://github.com/mattermost/mattermost, https://mattermost.com/security-updates, https://pkg.go.dev/vuln/GO-2025-3394"
"GHSA-4ff6-858j-r822","Github","True","2025-01-16T23:08:32Z","CWE-918","CVE-2024-52594","Gomatrixserverlib Server-Side Request Forgery (SSRF) on redirects and federation","MODERATE","Go","github.com/matrix-org/gomatrixserverlib","[0,0.0.0-20250116181547-c4f1e01eab0d)","https://github.com/matrix-org/gomatrixserverlib/security/advisories/GHSA-4ff6-858j-r822, https://nvd.nist.gov/vuln/detail/CVE-2024-52594, https://github.com/matrix-org/gomatrixserverlib/commit/c4f1e01eab0dd435709ad15463ed38a079ad6128, https://github.com/matrix-org/gomatrixserverlib, https://pkg.go.dev/vuln/GO-2025-3396"
"GHSA-4g52-pq8j-6qv5","Github","True","2025-01-14T15:40:07Z","CWE-352, CWE-749","CVE-2024-55921","TYPO3 Extension Manager Module vulnerable to Cross-Site Request Forgery","HIGH","Packagist","typo3/cms-extensionmanager","[10.0.0,10.4.48)[11.0.0,11.5.42)[12.0.0,12.4.25)[13.0.0,13.4.3)","https://github.com/TYPO3/typo3/security/advisories/GHSA-4g52-pq8j-6qv5, https://nvd.nist.gov/vuln/detail/CVE-2024-55921, https://github.com/TYPO3-CMS/extensionmanager/commit/a5a58626dcb2af0c31bc6aec068e3d24e789b9e8, https://github.com/TYPO3-CMS/extensionmanager, https://typo3.org/security/advisory/typo3-core-sa-2025-006"
"GHSA-4x6x-8rm8-c37j","Github","True","2025-01-06T15:47:49Z","CWE-79","CVE-2025-21612","Extension:TabberNeue vulnerable to Cross-site Scripting","HIGH","Packagist","starcitizentools/tabber-neue","[1.9.1,2.7.2)","https://github.com/StarCitizenTools/mediawiki-extensions-TabberNeue/security/advisories/GHSA-4x6x-8rm8-c37j, https://nvd.nist.gov/vuln/detail/CVE-2025-21612, https://github.com/StarCitizenTools/mediawiki-extensions-TabberNeue/commit/d8c3db4e5935476e496d979fb01f775d3d3282e6, https://github.com/StarCitizenTools/mediawiki-extensions-TabberNeue/commit/f229cab099c69006e25d4bad3579954e481dc566, https://github.com/StarCitizenTools/mediawiki-extensions-TabberNeue"
"GHSA-53rv-hcvm-rpp9","Github","True","2025-01-14T22:03:59Z","CWE-703","","Lodestar snappy decompression issue","LOW","npm","@lodestar/reqresp","[0,1.25.0)","https://github.com/ChainSafe/lodestar/security/advisories/GHSA-53rv-hcvm-rpp9, https://github.com/ChainSafe/lodestar/commit/18a0d681dbcc51fb2ac9456f31e91f4e31a18300, https://github.com/ChainSafe/lodestar"
"GHSA-5m7j-6gc4-ff5g","Github","True","2025-01-15T18:30:58Z","CWE-1287","CVE-2025-20086","Mattermost fails to properly validate post props","MODERATE","Go","github.com/mattermost/mattermost/server/v8","[10.2.0,10.2.1)[10.1.0,10.1.4)[10.0.0,10.0.4)[9.11.0,9.11.6)[0,8.0.0-20241127161322-25ff7a3779a5)","https://nvd.nist.gov/vuln/detail/CVE-2025-20086, https://github.com/mattermost/mattermost, https://mattermost.com/security-updates, https://pkg.go.dev/vuln/GO-2025-3392"
"GHSA-5wjw-h8x5-v65m","Github","True","2025-01-14T18:32:06Z","CWE-79",""," Duplicate Advisory: Wildfly HAL Console Cross-Site Scripting","MODERATE","Maven","org.jboss.hal:hal-console","[0,3.7.7.Final]","https://nvd.nist.gov/vuln/detail/CVE-2025-23366, https://access.redhat.com/security/cve/CVE-2025-23366, https://bugzilla.redhat.com/show_bug.cgi?id=2337619, https://github.com/hal/console"
"GHSA-237r-r8m4-4q88","Github","True","2025-01-06T19:23:26Z","CWE-338","CVE-2025-21617","Guzzle OAuth Subscriber has insufficient nonce entropy","MODERATE","Packagist","guzzlehttp/oauth-subscriber","[0,0.8.1)","https://github.com/guzzle/oauth-subscriber/security/advisories/GHSA-237r-r8m4-4q88, https://nvd.nist.gov/vuln/detail/CVE-2025-21617, https://github.com/guzzle/oauth-subscriber/commit/92b619b03bd21396e51c62e6bce83467d2ce8f53, https://github.com/guzzle/oauth-subscriber, https://github.com/guzzle/oauth-subscriber/blob/0.8.0/src/Oauth1.php#L192, https://github.com/guzzle/oauth-subscriber/releases/tag/0.8.1"
"GHSA-2549-xh72-qrpm","Github","True","2025-01-09T09:31:42Z","CWE-1287","CVE-2025-20033","Mattermost Improper Validation of Specified Type of Input vulnerability","MODERATE","Go","github.com/mattermost/mattermost/server/v8","[9.11.0,9.11.16)[10.0.0,10.0.4)[10.1.0,10.1.4)[10.2.0,10.2.1)[10.2.0][0,8.0.0-20250102081831-64c566a8280b)","https://nvd.nist.gov/vuln/detail/CVE-2025-20033, https://github.com/mattermost/mattermost, https://mattermost.com/security-updates"
"GHSA-27vf-3g4f-6jp7","Github","True","2025-01-16T17:32:30Z","CWE-79","CVE-2025-23199","LibreNMS Ports Stored Cross-site Scripting vulnerability","MODERATE","Packagist","librenms/librenms","[0,24.11.0)","https://github.com/librenms/librenms/security/advisories/GHSA-27vf-3g4f-6jp7, https://nvd.nist.gov/vuln/detail/CVE-2025-23199, https://github.com/librenms/librenms/pull/16721, https://github.com/librenms/librenms/commit/9d07d166b87634091dcf21c62b28f9b42a3118c4, https://github.com/librenms/librenms"
"GHSA-2c6g-pfx3-w7h8","Github","True","2025-01-15T18:56:57Z","CWE-378","CVE-2023-0482","Insecure Temporary File in RESTEasy","MODERATE","Maven","org.jboss.resteasy:resteasy-core","[6.0.0.Beta1,6.2.3.Final)[5.0.0.Alpha1,5.0.6.Final)[4.0.0.Beta1,4.7.8.Final)[6.0.0.Beta1,6.2.3.Final)[5.0.0.Alpha1,5.0.6.Final)[4.0.0.Beta1,4.7.8.Final)[0,3.15.5.Final)[0,3.15.5.Final)","https://github.com/resteasy/resteasy/security/advisories/GHSA-2c6g-pfx3-w7h8, https://nvd.nist.gov/vuln/detail/CVE-2023-0482, https://github.com/resteasy/resteasy/pull/3409, https://github.com/resteasy/resteasy/pull/3409/commits/807d7456f2137cde8ef7c316707211bf4e542d56, https://github.com/resteasy/resteasy/pull/3410, https://github.com/resteasy/resteasy/pull/3412, https://github.com/resteasy/resteasy/pull/3413, https://github.com/resteasy/resteasy/pull/3423, https://bugzilla.redhat.com/show_bug.cgi?id=2166004, https://github.com/orgs/resteasy/discussions/3415, https://github.com/orgs/resteasy/discussions/3504, https://github.com/orgs/resteasy/discussions/3506, https://github.com/resteasy/resteasy, https://issues.redhat.com/browse/RESTEASY-3286, https://security.netapp.com/advisory/ntap-20230427-0001"
"GHSA-2f4w-6mc7-4w78","Github","True","2025-01-16T17:18:32Z","CWE-79","CVE-2024-56144","LibreNMS Display Name 2 Stored Cross-site Scripting vulnerability","MODERATE","Packagist","librenms/librenms","[24.11.10,24.12.0)[24.11.10]","https://github.com/librenms/librenms/security/advisories/GHSA-2f4w-6mc7-4w78, https://nvd.nist.gov/vuln/detail/CVE-2024-56144, https://github.com/librenms/librenms/pull/16886, https://github.com/librenms/librenms/commit/c63c912d86098bcefd52a28328482b94632eadf8, https://github.com/librenms/librenms"
"GHSA-2fx5-pggv-6jjr","Github","True","2025-01-14T15:24:20Z","CWE-601","CVE-2024-55892","TYPO3 Potential Open Redirect via Parsing Differences","MODERATE","Packagist","typo3/cms-core","[9.0.0,9.5.49)[10.0.0,10.4.48)[11.0.0,11.5.42)[12.0.0,12.4.25)[13.0.0,13.4.3)","https://github.com/TYPO3/typo3/security/advisories/GHSA-2fx5-pggv-6jjr, https://nvd.nist.gov/vuln/detail/CVE-2024-55892, https://github.com/TYPO3/typo3/commit/a4abf48d254685f43383e6e7f80d48aebaea56af, https://github.com/TYPO3/typo3, https://typo3.org/security/advisory/typo3-core-sa-2025-002"
